elapsed_time,cpu_percent,memory_rss,disk_read,disk_write,network_sent,network_received
0.3649260997772217,36.62999999999999,139264,35811328,62910464,0,1024
0.4139840602874756,13.14,139264,76955648,49639424,1024,7168
1.4966297149658203,18.4,139264,37257216,50176000,1024,2048
